Animal_ID,Species,Breed,Age_Years,Parity,Days_In_Milk,Past_Mastitis_Episodes,Mean_EC,Milk_pH,Milk_Temperature_C,Milk_Yield_Liters,Somatic_Cell_Count_Actual,Risk_Tier_Label,Risk_Tier_Code
IN-DAIRY-1000,Cattle,Jersey_Cross,7,3,116,1,5.547,6.888,39.66,11.27,812288,Moderate Risk,2
IN-DAIRY-1001,Cattle,HF_Cross,8,4,192,0,4.862,6.631,38.51,18.38,82655,No Risk,0
IN-DAIRY-1002,Cattle,Jersey_Cross,4,4,188,0,4.85,6.617,38.71,13.88,43111,No Risk,0
IN-DAIRY-1003,Cattle,HF_Cross,8,2,117,1,5.011,6.654,38.99,15.66,54053,No Risk,0
IN-DAIRY-1004,Cattle,Gir,3,3,210,2,5.54,7.191,40.57,5.93,2174008,High Risk,3
IN-DAIRY-1005,Cattle,Gir,7,1,64,0,4.92,6.73,38.44,9.38,98787,No Risk,0
IN-DAIRY-1006,Cattle,Gir,3,3,193,1,4.83,6.58,39.04,11.22,44928,No Risk,0
IN-DAIRY-1007,Cattle,Sahiwal,9,1,160,0,4.855,6.603,38.77,10.52,49196,No Risk,0
IN-DAIRY-1008,Buffalo,Murrah_Buffalo,8,3,101,0,5.136,6.717,38.69,12.24,285932,Low Risk,1
IN-DAIRY-1009,Buffalo,Murrah_Buffalo,5,1,233,0,4.649,6.632,38.74,8.93,53517,No Risk,0
IN-DAIRY-1010,Buffalo,Murrah_Buffalo,3,2,248,0,4.989,6.651,38.37,12.39,55911,No Risk,0
IN-DAIRY-1011,Cattle,Jersey_Cross,3,5,130,0,4.815,6.681,38.79,14.54,48187,No Risk,0
IN-DAIRY-1012,Buffalo,Murrah_Buffalo,7,2,175,3,5.047,6.543,38.59,11.41,65464,No Risk,0
IN-DAIRY-1013,Cattle,Jersey_Cross,8,1,111,0,4.809,6.644,38.42,10.55,39591,No Risk,0
IN-DAIRY-1014,Cattle,Jersey_Cross,8,2,224,0,4.857,6.684,38.69,12.56,47345,No Risk,0
IN-DAIRY-1015,Cattle,Jersey_Cross,8,4,217,0,4.856,6.565,38.96,13.92,43807,No Risk,0
IN-DAIRY-1016,Cattle,Gir,5,5,176,0,4.94,6.569,38.57,11.16,51586,No Risk,0
IN-DAIRY-1017,Cattle,HF_Cross,5,4,194,1,4.643,6.572,38.09,14.49,799277,Moderate Risk,2
IN-DAIRY-1018,Cattle,Sahiwal,6,2,92,1,4.872,6.73,38.86,9.64,535697,Moderate Risk,2
IN-DAIRY-1019,Cattle,Sahiwal,7,3,240,0,4.81,6.621,39.11,10.55,69380,No Risk,0
IN-DAIRY-1020,Cattle,Jersey_Cross,7,5,102,0,5.583,7.17,40.95,15.52,2728024,High Risk,3
IN-DAIRY-1021,Cattle,Jersey_Cross,8,3,210,1,4.893,6.627,38.69,14.78,65215,No Risk,0
IN-DAIRY-1022,Cattle,Jersey_Cross,3,4,129,0,4.912,6.69,38.53,11.88,53419,No Risk,0
IN-DAIRY-1023,Cattle,Jersey_Cross,6,3,224,0,5.176,6.8,38.67,12.15,193450,Low Risk,1
IN-DAIRY-1024,Cattle,HF_Cross,6,1,208,1,5.076,6.804,38.8,18.2,320605,Low Risk,1
IN-DAIRY-1025,Buffalo,Murrah_Buffalo,5,4,147,0,4.9,6.581,38.84,12.39,75996,No Risk,0
IN-DAIRY-1026,Cattle,Jersey_Cross,4,4,104,1,4.888,6.633,38.53,16.74,78490,No Risk,0
IN-DAIRY-1027,Cattle,Jersey_Cross,6,3,68,1,4.781,6.604,39.01,14.76,54405,No Risk,0
IN-DAIRY-1028,Cattle,Jersey_Cross,4,3,189,1,4.876,6.565,38.69,13.13,75135,No Risk,0
IN-DAIRY-1029,Cattle,Jersey_Cross,9,3,92,0,4.661,6.581,38.92,12.49,33252,No Risk,0
IN-DAIRY-1030,Cattle,HF_Cross,7,2,200,0,4.875,6.538,38.62,16.11,89659,No Risk,0
IN-DAIRY-1031,Buffalo,Murrah_Buffalo,3,5,236,0,4.701,6.655,38.92,11.82,106589,No Risk,0
IN-DAIRY-1032,Cattle,HF_Cross,9,2,200,0,4.798,6.534,38.41,15.2,47820,No Risk,0
IN-DAIRY-1033,Cattle,Sahiwal,8,1,175,0,4.889,6.681,38.93,8.64,52909,No Risk,0
IN-DAIRY-1034,Cattle,HF_Cross,8,1,182,0,4.894,6.565,38.89,16.79,57014,No Risk,0
IN-DAIRY-1035,Cattle,Sahiwal,7,1,244,1,4.884,6.628,38.77,8.12,50387,No Risk,0
IN-DAIRY-1036,Cattle,Jersey_Cross,6,1,114,0,4.95,6.679,38.64,13.78,63768,No Risk,0
IN-DAIRY-1037,Cattle,Gir,8,5,134,0,4.764,6.532,38.73,9.67,76306,No Risk,0
IN-DAIRY-1038,Cattle,HF_Cross,3,3,233,0,5.277,6.774,38.82,13.28,205384,Low Risk,1
IN-DAIRY-1039,Cattle,Gir,8,3,180,0,4.751,6.497,38.48,12.93,48914,No Risk,0
IN-DAIRY-1040,Cattle,HF_Cross,4,3,116,0,4.766,6.572,38.58,11.06,57376,No Risk,0
IN-DAIRY-1041,Buffalo,Murrah_Buffalo,3,1,100,0,5.042,6.617,38.71,14.91,54150,No Risk,0
IN-DAIRY-1042,Cattle,Jersey_Cross,7,3,110,1,5.051,6.624,38.57,12.65,85884,No Risk,0
IN-DAIRY-1043,Cattle,HF_Cross,9,4,166,2,4.872,6.721,37.97,20.09,63442,No Risk,0
IN-DAIRY-1044,Cattle,Sahiwal,5,2,53,0,5.366,7.061,39.4,9.81,519847,Moderate Risk,2
IN-DAIRY-1045,Cattle,HF_Cross,8,3,185,0,5.247,6.669,38.61,12.24,303701,Low Risk,1
IN-DAIRY-1046,Buffalo,Murrah_Buffalo,5,3,178,1,5.069,6.821,39.89,7.8,414950,Moderate Risk,2
IN-DAIRY-1047,Cattle,HF_Cross,6,5,181,3,5.421,6.864,39.78,16.73,910397,Moderate Risk,2
IN-DAIRY-1048,Buffalo,Murrah_Buffalo,7,1,177,1,4.848,6.514,38.47,10.85,69373,No Risk,0
IN-DAIRY-1049,Cattle,HF_Cross,7,5,47,0,4.896,6.616,38.35,20.89,65295,No Risk,0
IN-DAIRY-1050,Cattle,HF_Cross,8,3,248,2,4.774,6.686,38.8,15.37,69521,No Risk,0
IN-DAIRY-1051,Cattle,Gir,3,5,64,0,4.797,6.585,38.57,13.15,52719,No Risk,0
IN-DAIRY-1052,Cattle,HF_Cross,3,4,132,1,4.932,6.591,38.59,14.35,48648,No Risk,0
IN-DAIRY-1053,Cattle,Jersey_Cross,9,1,226,0,4.939,6.544,38.66,10.68,49458,No Risk,0
IN-DAIRY-1054,Cattle,HF_Cross,3,5,202,1,5.133,6.701,38.35,18.82,270447,Low Risk,1
IN-DAIRY-1055,Cattle,Sahiwal,5,4,224,0,4.89,6.636,38.53,11.36,71757,No Risk,0
IN-DAIRY-1056,Cattle,HF_Cross,7,3,156,3,5.13,6.661,38.82,17.54,272071,Low Risk,1
IN-DAIRY-1057,Cattle,Gir,8,1,220,1,5.05,6.58,38.22,5.7,70077,No Risk,0
IN-DAIRY-1058,Cattle,Jersey_Cross,8,1,163,0,5.531,7.209,40.31,8.63,2077488,High Risk,3
IN-DAIRY-1059,Cattle,Gir,5,3,106,0,5.028,6.544,38.69,10.27,53864,No Risk,0
IN-DAIRY-1060,Cattle,Jersey_Cross,4,4,212,0,4.714,6.629,38.51,12.43,48411,No Risk,0
IN-DAIRY-1061,Cattle,Gir,4,3,247,1,4.809,6.641,38.91,9.52,80565,No Risk,0
IN-DAIRY-1062,Buffalo,Murrah_Buffalo,9,4,97,1,4.985,6.644,38.73,13.96,73172,No Risk,0
IN-DAIRY-1063,Cattle,Gir,4,1,59,0,4.804,6.625,38.66,4.81,91680,No Risk,0
IN-DAIRY-1064,Cattle,HF_Cross,3,4,89,2,4.81,6.633,38.83,13.36,763266,Moderate Risk,2
IN-DAIRY-1065,Buffalo,Murrah_Buffalo,8,5,65,3,4.818,6.522,38.92,16.37,58364,No Risk,0
IN-DAIRY-1066,Cattle,HF_Cross,7,1,186,2,4.817,6.643,38.63,13.02,62693,No Risk,0
IN-DAIRY-1067,Buffalo,Murrah_Buffalo,6,4,139,0,5.165,6.964,39.79,12.51,718945,Moderate Risk,2
IN-DAIRY-1068,Cattle,HF_Cross,8,1,126,0,4.689,6.645,38.8,18.05,48898,No Risk,0
IN-DAIRY-1069,Cattle,Jersey_Cross,7,3,121,0,4.893,6.629,38.67,15.94,56753,No Risk,0
IN-DAIRY-1070,Cattle,HF_Cross,4,1,52,2,4.783,6.521,38.64,13.86,88993,No Risk,0
IN-DAIRY-1071,Cattle,HF_Cross,9,3,103,0,5.462,7.219,40.57,10.31,3379399,High Risk,3
IN-DAIRY-1072,Cattle,Jersey_Cross,3,4,77,0,4.872,6.633,38.43,16.81,53611,No Risk,0
IN-DAIRY-1073,Cattle,Gir,4,3,234,2,4.798,6.658,38.48,8.88,30713,No Risk,0
IN-DAIRY-1074,Cattle,Jersey_Cross,9,2,163,0,4.824,6.629,38.87,12.53,61404,No Risk,0
IN-DAIRY-1075,Cattle,Sahiwal,6,3,235,0,4.907,6.667,38.06,11.94,70006,No Risk,0
IN-DAIRY-1076,Cattle,HF_Cross,6,4,151,1,5.374,6.635,39.02,8.87,224954,Low Risk,1
IN-DAIRY-1077,Cattle,HF_Cross,5,1,155,3,4.809,6.62,38.5,10.57,58140,No Risk,0
IN-DAIRY-1078,Cattle,HF_Cross,7,3,160,0,4.83,6.509,38.37,18.31,62019,No Risk,0
IN-DAIRY-1079,Cattle,Jersey_Cross,9,1,157,1,4.914,6.589,38.56,12.67,46159,No Risk,0
IN-DAIRY-1080,Cattle,HF_Cross,9,4,99,1,5.126,6.662,38.87,18.9,199936,Low Risk,1
IN-DAIRY-1081,Cattle,Jersey_Cross,9,2,143,0,4.88,6.563,38.65,13.42,53169,No Risk,0
IN-DAIRY-1082,Cattle,HF_Cross,5,2,87,1,5.0,6.577,38.66,19.19,77432,No Risk,0
IN-DAIRY-1083,Cattle,Jersey_Cross,5,5,86,1,5.034,6.623,38.77,11.88,52184,No Risk,0
IN-DAIRY-1084,Cattle,Sahiwal,3,4,54,1,4.751,6.677,38.43,11.54,52992,No Risk,0
IN-DAIRY-1085,Cattle,Sahiwal,7,3,103,0,4.936,6.619,38.06,10.73,65822,No Risk,0
IN-DAIRY-1086,Cattle,Gir,5,5,63,0,4.997,6.69,38.52,10.89,77317,No Risk,0
IN-DAIRY-1087,Buffalo,Murrah_Buffalo,7,3,220,0,4.953,6.732,38.96,11.81,58561,No Risk,0
IN-DAIRY-1088,Cattle,HF_Cross,9,3,52,1,4.856,6.586,38.87,13.6,78915,No Risk,0
IN-DAIRY-1089,Buffalo,Murrah_Buffalo,6,5,66,0,4.681,6.679,38.34,10.81,69098,No Risk,0
IN-DAIRY-1090,Cattle,Jersey_Cross,9,5,76,0,4.658,6.618,38.64,16.44,54359,No Risk,0
IN-DAIRY-1091,Cattle,Gir,5,2,64,2,4.861,6.616,38.72,10.59,74047,No Risk,0
IN-DAIRY-1092,Cattle,HF_Cross,7,4,173,0,4.832,6.582,38.35,21.56,54098,No Risk,0
IN-DAIRY-1093,Cattle,Jersey_Cross,7,5,62,0,4.704,6.577,38.44,15.63,48651,No Risk,0
IN-DAIRY-1094,Cattle,Jersey_Cross,9,4,206,2,4.85,6.577,38.9,13.18,55105,No Risk,0
IN-DAIRY-1095,Cattle,Jersey_Cross,6,2,132,0,4.869,6.543,38.59,9.94,40003,No Risk,0
IN-DAIRY-1096,Cattle,Jersey_Cross,3,1,232,0,5.235,6.901,39.43,7.47,616629,Moderate Risk,2
IN-DAIRY-1097,Cattle,HF_Cross,3,4,46,0,4.784,6.606,39.05,19.39,85177,No Risk,0
IN-DAIRY-1098,Buffalo,Murrah_Buffalo,3,4,163,0,4.839,6.594,38.5,11.71,43823,No Risk,0
IN-DAIRY-1099,Buffalo,Murrah_Buffalo,5,5,70,0,5.507,7.136,40.63,13.2,2106145,High Risk,3
IN-DAIRY-1100,Cattle,Sahiwal,8,1,194,2,4.658,6.643,38.99,9.68,52473,No Risk,0
IN-DAIRY-1101,Cattle,HF_Cross,9,4,247,0,4.774,6.577,38.55,12.69,504088,Moderate Risk,2
IN-DAIRY-1102,Buffalo,Murrah_Buffalo,8,3,183,2,4.775,6.69,38.88,15.15,49635,No Risk,0
IN-DAIRY-1103,Cattle,HF_Cross,5,2,213,1,4.718,6.591,38.79,20.05,58598,No Risk,0
IN-DAIRY-1104,Buffalo,Murrah_Buffalo,4,3,154,0,4.706,6.653,38.74,9.65,514002,Moderate Risk,2
IN-DAIRY-1105,Cattle,HF_Cross,7,1,197,0,5.223,6.911,39.42,7.57,933697,Moderate Risk,2
IN-DAIRY-1106,Cattle,Jersey_Cross,9,1,192,1,4.848,6.632,38.7,12.21,45241,No Risk,0
IN-DAIRY-1107,Cattle,HF_Cross,3,3,119,3,4.999,6.692,38.19,15.16,63609,No Risk,0
IN-DAIRY-1108,Cattle,HF_Cross,5,2,114,0,4.85,6.693,38.43,17.56,69051,No Risk,0
IN-DAIRY-1109,Buffalo,Murrah_Buffalo,9,2,221,0,4.949,6.664,38.51,10.07,46501,No Risk,0
IN-DAIRY-1110,Cattle,HF_Cross,4,5,224,2,5.802,7.332,40.12,10.18,2276099,High Risk,3
IN-DAIRY-1111,Cattle,Jersey_Cross,8,1,137,2,5.104,6.724,38.87,10.13,296038,Low Risk,1
IN-DAIRY-1112,Cattle,HF_Cross,4,1,230,1,4.942,6.606,38.41,16.25,84285,No Risk,0
IN-DAIRY-1113,Cattle,Sahiwal,7,3,128,0,4.953,6.559,38.3,9.4,46521,No Risk,0
IN-DAIRY-1114,Buffalo,Murrah_Buffalo,5,5,214,0,4.931,6.618,38.78,12.49,69134,No Risk,0
IN-DAIRY-1115,Cattle,Sahiwal,3,5,82,1,4.945,6.665,38.5,12.54,47456,No Risk,0
IN-DAIRY-1116,Cattle,Gir,9,1,187,3,5.364,7.036,39.98,8.62,779329,Moderate Risk,2
IN-DAIRY-1117,Cattle,Sahiwal,8,2,116,1,4.66,6.681,38.59,6.83,57913,No Risk,0
IN-DAIRY-1118,Cattle,HF_Cross,6,5,197,1,4.852,6.499,38.44,20.08,76642,No Risk,0
IN-DAIRY-1119,Cattle,HF_Cross,7,1,104,2,5.139,6.711,38.52,16.59,283823,Low Risk,1
IN-DAIRY-1120,Cattle,Jersey_Cross,9,2,124,1,4.871,6.622,38.78,12.73,50614,No Risk,0
IN-DAIRY-1121,Cattle,Jersey_Cross,7,3,246,0,4.967,6.662,38.74,9.99,66420,No Risk,0
IN-DAIRY-1122,Cattle,Gir,6,2,203,1,4.87,6.621,38.88,6.59,47715,No Risk,0
IN-DAIRY-1123,Cattle,Gir,5,2,107,1,4.896,6.552,38.26,7.22,44913,No Risk,0
IN-DAIRY-1124,Cattle,HF_Cross,3,1,130,0,4.921,6.642,38.53,16.31,48231,No Risk,0
IN-DAIRY-1125,Cattle,HF_Cross,6,2,98,0,4.897,6.639,38.4,15.64,41155,No Risk,0
IN-DAIRY-1126,Cattle,Gir,3,2,192,0,4.879,6.552,38.53,9.47,46613,No Risk,0
IN-DAIRY-1127,Cattle,Jersey_Cross,7,2,219,0,5.121,6.766,39.34,11.43,240371,Low Risk,1
IN-DAIRY-1128,Cattle,Sahiwal,4,3,219,3,4.846,6.689,38.72,7.7,72165,No Risk,0
IN-DAIRY-1129,Cattle,Gir,3,4,189,2,5.003,6.61,38.8,10.01,89513,No Risk,0
IN-DAIRY-1130,Cattle,Sahiwal,7,3,140,0,4.855,6.642,38.35,8.92,72013,No Risk,0
IN-DAIRY-1131,Cattle,HF_Cross,9,4,73,0,4.967,6.636,37.95,17.25,56908,No Risk,0
IN-DAIRY-1132,Cattle,Sahiwal,5,5,122,3,4.882,6.619,38.54,10.58,40386,No Risk,0
IN-DAIRY-1133,Buffalo,Murrah_Buffalo,9,2,84,2,4.857,6.575,38.52,10.41,78519,No Risk,0
IN-DAIRY-1134,Cattle,Sahiwal,8,2,48,1,4.901,6.605,38.77,7.83,673506,Moderate Risk,2
IN-DAIRY-1135,Cattle,Jersey_Cross,6,4,77,0,5.02,6.622,38.31,10.74,617923,Moderate Risk,2
IN-DAIRY-1136,Buffalo,Murrah_Buffalo,9,3,119,3,5.341,6.829,39.81,9.33,420115,Moderate Risk,2
IN-DAIRY-1137,Cattle,HF_Cross,9,2,168,2,4.835,6.589,38.64,10.57,86688,No Risk,0
IN-DAIRY-1138,Cattle,Sahiwal,7,5,205,0,4.716,6.665,38.49,8.69,74623,No Risk,0
IN-DAIRY-1139,Cattle,HF_Cross,5,2,228,0,4.92,6.579,38.69,15.8,69567,No Risk,0
IN-DAIRY-1140,Cattle,HF_Cross,4,5,167,0,5.014,6.68,38.57,14.93,208006,Low Risk,1
IN-DAIRY-1141,Cattle,Jersey_Cross,6,5,89,0,4.881,6.601,38.79,12.87,760653,Moderate Risk,2
IN-DAIRY-1142,Cattle,HF_Cross,6,3,152,1,4.831,6.548,38.82,20.82,59631,No Risk,0
IN-DAIRY-1143,Cattle,HF_Cross,5,2,99,1,4.738,6.632,38.64,15.34,61357,No Risk,0
IN-DAIRY-1144,Cattle,Gir,5,1,152,0,4.866,6.658,38.8,9.05,66904,No Risk,0
IN-DAIRY-1145,Cattle,HF_Cross,8,2,191,0,4.922,6.608,38.95,15.56,55221,No Risk,0
IN-DAIRY-1146,Cattle,HF_Cross,6,3,142,0,5.127,6.668,38.77,10.91,235080,Low Risk,1
IN-DAIRY-1147,Cattle,Sahiwal,5,5,113,2,5.358,7.016,39.74,9.82,533485,Moderate Risk,2
IN-DAIRY-1148,Cattle,HF_Cross,6,3,171,0,5.173,6.909,39.64,14.43,513409,Moderate Risk,2
IN-DAIRY-1149,Cattle,Sahiwal,4,3,178,0,5.06,6.629,38.57,7.2,612086,Moderate Risk,2
IN-DAIRY-1150,Cattle,HF_Cross,5,5,242,0,4.897,6.602,38.55,11.7,883773,Moderate Risk,2
IN-DAIRY-1151,Cattle,HF_Cross,8,4,173,1,5.506,7.27,40.29,12.2,2737277,High Risk,3
IN-DAIRY-1152,Cattle,Jersey_Cross,3,2,120,0,4.866,6.596,38.74,11.31,75969,No Risk,0
IN-DAIRY-1153,Cattle,HF_Cross,4,2,237,1,5.104,6.594,38.73,11.29,63367,No Risk,0
IN-DAIRY-1154,Cattle,Jersey_Cross,3,4,74,0,5.167,6.71,38.73,16.57,227510,Low Risk,1
IN-DAIRY-1155,Cattle,HF_Cross,4,3,131,2,4.8,6.627,38.83,18.21,51323,No Risk,0
IN-DAIRY-1156,Cattle,HF_Cross,7,3,194,1,5.285,6.681,39.05,14.02,195049,Low Risk,1
IN-DAIRY-1157,Cattle,HF_Cross,3,3,190,3,5.276,7.012,39.56,8.93,725913,Moderate Risk,2
IN-DAIRY-1158,Cattle,HF_Cross,9,2,182,2,5.775,7.102,40.22,17.58,1538875,High Risk,3
IN-DAIRY-1159,Cattle,Sahiwal,6,4,228,0,4.891,6.636,38.51,11.5,90566,No Risk,0
IN-DAIRY-1160,Cattle,HF_Cross,7,1,248,0,4.981,6.708,38.32,15.92,42426,No Risk,0
IN-DAIRY-1161,Cattle,Jersey_Cross,8,3,224,0,5.6,7.237,39.97,8.47,2212967,High Risk,3
IN-DAIRY-1162,Cattle,Jersey_Cross,8,1,177,0,4.863,6.675,38.47,11.2,71567,No Risk,0
IN-DAIRY-1163,Cattle,HF_Cross,6,1,88,0,4.761,6.641,38.43,14.2,72191,No Risk,0
IN-DAIRY-1164,Cattle,Sahiwal,7,3,131,2,5.009,6.559,38.77,9.81,801749,Moderate Risk,2
IN-DAIRY-1165,Cattle,Jersey_Cross,8,2,173,1,5.064,6.567,38.91,13.57,79355,No Risk,0
IN-DAIRY-1166,Buffalo,Murrah_Buffalo,4,4,108,0,5.042,6.575,38.45,12.56,65987,No Risk,0
IN-DAIRY-1167,Cattle,Jersey_Cross,3,2,244,0,4.869,6.606,38.78,10.66,70382,No Risk,0
IN-DAIRY-1168,Cattle,Jersey_Cross,9,1,246,0,4.614,6.612,38.64,10.09,44270,No Risk,0
IN-DAIRY-1169,Cattle,Gir,5,3,245,0,4.824,6.738,38.48,7.63,44515,No Risk,0
IN-DAIRY-1170,Cattle,Jersey_Cross,8,3,113,1,4.808,6.608,38.61,13.79,69360,No Risk,0
IN-DAIRY-1171,Cattle,HF_Cross,7,3,108,1,4.906,6.605,38.62,19.71,814176,Moderate Risk,2
IN-DAIRY-1172,Cattle,Gir,8,4,239,1,4.721,6.616,39.18,9.13,56822,No Risk,0
IN-DAIRY-1173,Buffalo,Murrah_Buffalo,3,5,69,1,4.92,6.626,38.69,13.13,70033,No Risk,0
IN-DAIRY-1174,Buffalo,Murrah_Buffalo,8,1,77,2,4.835,6.556,38.83,9.19,51453,No Risk,0
IN-DAIRY-1175,Cattle,Gir,5,3,73,0,4.986,6.608,38.7,13.05,63854,No Risk,0
IN-DAIRY-1176,Cattle,HF_Cross,3,3,179,0,5.051,6.587,38.65,15.75,48729,No Risk,0
IN-DAIRY-1177,Cattle,Jersey_Cross,3,4,89,0,4.752,6.59,38.44,11.49,57538,No Risk,0
IN-DAIRY-1178,Cattle,Jersey_Cross,3,3,214,2,4.688,6.546,38.59,15.26,81196,No Risk,0
IN-DAIRY-1179,Cattle,HF_Cross,5,4,122,3,4.912,6.566,38.7,21.79,45431,No Risk,0
IN-DAIRY-1180,Cattle,HF_Cross,5,4,145,0,4.927,6.593,38.52,13.84,49364,No Risk,0
IN-DAIRY-1181,Cattle,HF_Cross,6,4,148,1,4.881,6.562,38.29,15.36,61716,No Risk,0
IN-DAIRY-1182,Cattle,Gir,8,2,235,1,5.095,6.775,38.25,10.0,311562,Low Risk,1
IN-DAIRY-1183,Buffalo,Murrah_Buffalo,8,1,152,3,5.14,6.668,38.51,10.25,348957,Low Risk,1
IN-DAIRY-1184,Cattle,Gir,6,1,246,2,5.12,6.766,38.71,8.03,249250,Low Risk,1
IN-DAIRY-1185,Cattle,HF_Cross,7,4,118,2,4.942,6.667,38.55,19.5,104543,No Risk,0
IN-DAIRY-1186,Cattle,HF_Cross,9,1,208,0,4.846,6.658,38.5,14.57,74835,No Risk,0
IN-DAIRY-1187,Cattle,Jersey_Cross,6,1,58,1,5.169,6.895,39.58,11.77,442796,Moderate Risk,2
IN-DAIRY-1188,Cattle,Gir,7,5,216,3,4.818,6.551,38.04,13.22,63732,No Risk,0
IN-DAIRY-1189,Cattle,Gir,5,3,212,1,5.002,6.642,38.33,9.74,67861,No Risk,0
IN-DAIRY-1190,Buffalo,Murrah_Buffalo,8,5,65,0,4.918,6.587,38.73,17.27,32869,No Risk,0
IN-DAIRY-1191,Cattle,HF_Cross,4,1,161,2,4.786,6.571,38.88,19.22,44071,No Risk,0
IN-DAIRY-1192,Cattle,HF_Cross,8,4,128,1,4.862,6.616,38.1,19.42,50193,No Risk,0
IN-DAIRY-1193,Cattle,Gir,7,5,112,3,4.947,6.64,38.77,9.97,75355,No Risk,0
IN-DAIRY-1194,Cattle,HF_Cross,4,2,197,0,4.943,6.66,38.77,16.73,60572,No Risk,0
IN-DAIRY-1195,Cattle,HF_Cross,9,4,242,2,4.713,6.648,38.61,17.94,52572,No Risk,0
IN-DAIRY-1196,Cattle,Gir,8,3,145,0,4.908,6.636,38.85,4.86,60399,No Risk,0
IN-DAIRY-1197,Cattle,HF_Cross,7,2,48,1,4.763,6.563,38.8,17.14,45574,No Risk,0
IN-DAIRY-1198,Cattle,HF_Cross,3,1,91,0,5.053,6.751,38.7,18.47,200973,Low Risk,1
IN-DAIRY-1199,Cattle,Gir,8,5,228,0,4.992,6.619,38.64,12.01,76725,No Risk,0
IN-DAIRY-1200,Cattle,Gir,3,3,93,0,5.212,6.757,38.42,7.72,232749,Low Risk,1
IN-DAIRY-1201,Cattle,Jersey_Cross,7,2,183,1,4.724,6.634,38.62,15.58,50195,No Risk,0
IN-DAIRY-1202,Buffalo,Murrah_Buffalo,5,1,205,0,4.733,6.563,38.47,10.84,50444,No Risk,0
IN-DAIRY-1203,Cattle,Sahiwal,9,5,175,0,4.864,6.6,38.41,12.28,57288,No Risk,0
IN-DAIRY-1204,Cattle,Jersey_Cross,6,2,106,0,4.972,6.595,38.46,14.28,38238,No Risk,0
IN-DAIRY-1205,Cattle,HF_Cross,6,3,93,1,4.744,6.586,38.75,18.38,78074,No Risk,0
IN-DAIRY-1206,Cattle,Gir,5,3,235,0,4.847,6.682,38.72,7.79,34740,No Risk,0
IN-DAIRY-1207,Cattle,HF_Cross,6,5,232,1,4.884,6.621,38.91,16.73,47799,No Risk,0
IN-DAIRY-1208,Buffalo,Murrah_Buffalo,5,4,160,0,4.802,6.632,38.34,13.54,46319,No Risk,0
IN-DAIRY-1209,Cattle,Jersey_Cross,4,4,126,0,4.823,6.586,38.26,15.74,57218,No Risk,0
IN-DAIRY-1210,Cattle,HF_Cross,8,1,68,0,5.507,6.998,39.63,13.78,626999,Moderate Risk,2
IN-DAIRY-1211,Cattle,HF_Cross,9,5,129,0,4.796,6.588,38.35,12.42,540180,Moderate Risk,2
IN-DAIRY-1212,Buffalo,Murrah_Buffalo,8,3,144,0,4.794,6.646,38.44,10.45,65605,No Risk,0
IN-DAIRY-1213,Cattle,Gir,6,1,143,0,5.67,7.067,40.96,5.92,3056412,High Risk,3
IN-DAIRY-1214,Cattle,Jersey_Cross,6,3,183,2,5.315,6.947,39.88,9.53,700553,Moderate Risk,2
IN-DAIRY-1215,Cattle,HF_Cross,8,5,51,2,4.932,6.652,38.5,14.31,44724,No Risk,0
IN-DAIRY-1216,Cattle,Gir,5,4,224,0,4.795,6.604,38.82,10.05,61522,No Risk,0
IN-DAIRY-1217,Cattle,HF_Cross,4,2,59,0,4.901,6.655,38.59,16.5,90400,No Risk,0
IN-DAIRY-1218,Cattle,HF_Cross,5,3,151,0,5.368,6.972,39.76,16.68,561361,Moderate Risk,2
IN-DAIRY-1219,Cattle,Jersey_Cross,3,5,73,0,4.902,6.661,38.62,15.42,38002,No Risk,0
IN-DAIRY-1220,Cattle,HF_Cross,6,5,59,0,5.045,6.558,38.48,20.09,45489,No Risk,0
IN-DAIRY-1221,Cattle,Gir,8,1,164,0,4.952,6.573,38.72,8.25,76625,No Risk,0
IN-DAIRY-1222,Cattle,HF_Cross,5,3,119,0,4.961,6.538,38.92,15.95,59373,No Risk,0
IN-DAIRY-1223,Cattle,Jersey_Cross,4,4,246,0,4.931,6.598,38.36,14.81,63150,No Risk,0
IN-DAIRY-1224,Cattle,Jersey_Cross,7,1,97,1,4.841,6.63,38.46,11.73,45321,No Risk,0
IN-DAIRY-1225,Cattle,Gir,7,4,246,0,4.702,6.613,38.35,9.69,44241,No Risk,0
IN-DAIRY-1226,Cattle,Jersey_Cross,7,1,166,0,4.68,6.665,38.29,10.49,54317,No Risk,0
IN-DAIRY-1227,Cattle,HF_Cross,5,4,75,0,5.283,6.79,39.81,19.48,808138,Moderate Risk,2
IN-DAIRY-1228,Cattle,HF_Cross,5,2,235,1,5.191,6.74,39.63,12.17,771582,Moderate Risk,2
IN-DAIRY-1229,Cattle,Sahiwal,8,3,204,2,4.919,6.616,38.5,8.65,53509,No Risk,0
IN-DAIRY-1230,Cattle,HF_Cross,9,1,61,2,4.873,6.639,38.82,17.0,73660,No Risk,0
IN-DAIRY-1231,Cattle,Sahiwal,5,1,220,0,5.351,6.873,39.53,9.88,408660,Moderate Risk,2
IN-DAIRY-1232,Cattle,HF_Cross,9,2,234,0,4.832,6.617,38.59,14.43,68020,No Risk,0
IN-DAIRY-1233,Buffalo,Murrah_Buffalo,3,5,175,2,4.821,6.578,38.46,14.93,58816,No Risk,0
IN-DAIRY-1234,Cattle,HF_Cross,4,1,142,0,4.832,6.607,38.31,16.97,125239,No Risk,0
IN-DAIRY-1235,Buffalo,Murrah_Buffalo,8,3,67,2,4.903,6.588,38.59,10.53,49864,No Risk,0
IN-DAIRY-1236,Cattle,HF_Cross,4,2,209,0,4.927,6.596,38.78,20.38,52212,No Risk,0
IN-DAIRY-1237,Cattle,HF_Cross,8,3,181,0,4.799,6.656,38.68,17.34,59849,No Risk,0
IN-DAIRY-1238,Cattle,Gir,6,4,178,0,5.498,7.008,39.73,9.83,597125,Moderate Risk,2
IN-DAIRY-1239,Cattle,Jersey_Cross,9,5,204,1,4.79,6.658,38.71,15.1,69418,No Risk,0
IN-DAIRY-1240,Cattle,Gir,3,4,147,0,4.757,6.675,38.78,12.44,58168,No Risk,0
IN-DAIRY-1241,Cattle,HF_Cross,5,5,163,1,5.321,6.882,39.47,13.76,536804,Moderate Risk,2
IN-DAIRY-1242,Cattle,Jersey_Cross,8,2,148,1,4.896,6.615,38.51,11.88,89299,No Risk,0
IN-DAIRY-1243,Cattle,Sahiwal,7,5,90,2,4.793,6.692,38.89,9.47,39233,No Risk,0
IN-DAIRY-1244,Cattle,HF_Cross,7,5,72,2,4.95,6.597,38.79,15.7,52189,No Risk,0
IN-DAIRY-1245,Buffalo,Murrah_Buffalo,3,1,204,1,4.99,6.647,38.78,9.1,52381,No Risk,0
IN-DAIRY-1246,Cattle,Gir,6,1,192,1,4.952,6.598,38.58,7.74,97983,No Risk,0
IN-DAIRY-1247,Cattle,HF_Cross,5,3,181,0,4.966,6.58,38.51,12.92,37200,No Risk,0
IN-DAIRY-1248,Cattle,HF_Cross,3,5,151,1,5.097,6.9,39.8,16.68,723827,Moderate Risk,2
IN-DAIRY-1249,Cattle,HF_Cross,6,4,147,2,5.056,6.662,38.71,19.91,282233,Low Risk,1
